5002	1	TGAACAGGGCCCTGAAGCGCGTA
5003	2	TGAACAGGGCCCTGAAGCGCGTACA
5004	1	TGAACTATAGATCAAAGATT
5005	1	TGAACTATGCCTGGGCAGGGCG
5006	1	TGAACTTCAAAGAGCAGATTCCATTTTG
5007	1	TGAAGAACTGT
5008	1	TGAAGAAGTCATTTTT
5009	1	TGAAGAATCGATTGTATATAGT
5010	1	TGAAGAGCCTTGGTAGA
5011	1	TGAAGAGGACAGTGACTGAGAGAC
5012	1	TGAAGCGCGGGT
5013	1	TGAAGCGCGGGTAAACGGCG
5014	1	TGAAGCGCGGGTAAACGGCGGG
5015	1	TGAAGGCTGAAACCG
5016	1	TGAAGGTCCTGAGTT
5017	2	TGAAGTAGCAGCT
5018	2	TGAAGTAGCATT
5019	1	TGAAGTAGCATTTCAAGCAGCT
5020	1	TGAAGTGCCAGT
5021	1	TGAAGTTGAAGTTAGA
5022	1	TGAATCCAGCGATCCGAGTT
5023	1	TGAATTTCAGGTGAAGTAGCAGCT
5024	1	TGACAAGAGCTAGACCAACA
5025	1	TGACCTATAGA
5026	1	TGAGAGATGGGCG
5027	1	TGAGAGATGGGCGAGCGCC
5028	1	TGAGAGATGGGCGAGCGCCGTT
5029	4	TGAGAGATGGGCGAGCGCCGTTCCG
5030	1	TGAGAGATGGGCGAGCGCCGTTCCGAA
5031	3	TGAGAGATGGGCGAGCGCCGTTCCGAAGGGACGGGCG
5032	1	TGAGAGATGGGCGAGCGCCGTTCCGAAGGGACGGGCGAT
5033	1	TGAGAGCCGTG
5034	1	TGAGAGCGATGCGGACACGGCCACGGCCCTCACG
5035	1	TGAGAGCGCTCGGTTTT
5036	1	TGAGAGGTGTAGAATAAGTGGGAGGCCC
5037	1	TGAGAGGTGTAGAATAAGTGGGAGGCCCCCG
5038	1	TGAGAGGTGTAGAATAAGTGGGAGGCCCCCGGC
5039	1	TGAGAGTAGAGTGCTTAGTTGAACAGGGCC
5040	2	TGAGAGTTGTCTACAAGCG
5041	1	TGAGAGTTGTCTACAAGCGC
5042	1	TGAGATAAGTTTGTACATTTGA
5043	1	TGAGATGTTACCTAGCGTTT
5044	1	TGAGATGTTACCTAGCGTTTTA
5045	1	TGAGCACAATTG
5046	1	TGAGCATAGTGTC
5047	1	TGAGCATAGTGTCT
5048	7	TGAGCATGTAGACAAAGGTAACACTGAAG
5049	1	TGAGCGCCTCGACGACAGAGCC
5050	1	TGAGCGTCGCT
5051	2	TGAGCGTGTGAATCAGTT
5052	1	TGAGCTATACAAG
5053	1	TGAGCTATACAAGAGA
5054	1	TGAGCTATAGATGACT
5055	2	TGAGCTCTCGCTGG
5056	1	TGAGCTCTCGCTGGC
5057	1	TGAGCTGATGCAGA
5058	1	TGAGCTGATGCAGAACCA
5059	1	TGAGCTGATGTATATGT
5060	1	TGAGGAACAGAAGCAGTAGCAAA
5061	1	TGAGGAGCCAATGGGGCG
5062	1	TGAGGAGGTCTGACTTGCTGAGGCTA
5063	1	TGAGGAGTCAACT
5064	2	TGAGGGGCAGAGAGCGAGACT
5065	1	TGAGGGGCAGAGAGCGAGACTT
5066	2	TGAGGGGCAGAGAGCGAGACTTTT
5067	1	TGAGGTAGGAGGTTGTATAG
5068	1	TGAGGTAGGAGGTTGTATAGT
5069	2	TGAGGTAGTAAGTTGTATTGTTA
5070	1	TGAGGTAGTAGATTGTAT
5071	22	TGAGGTAGTAGATTGTATAGT
5072	29	TGAGGTAGTAGATTGTATAGTT
5073	2	TGAGGTAGTAGATTGTATAGTTA
5074	5	TGAGGTAGTAGGTTGTATAGT
5075	10	TGAGGTAGTAGGTTGTATAGTT
5076	3	TGAGGTAGTAGGTTGTATAGTTA
5077	1	TGAGGTAGTAGGTTGTGTG
5078	1	TGAGGTAGTAGGTTGTGTGG
5079	4	TGAGGTAGTAGGTTGTGTGGT
5080	1	TGAGGTAGTAGGTTGTGTGGTAA
5081	3	TGAGGTAGTAGGTTGTGTGGTT
5082	1	TGAGGTAGTAGGTTGTGTGGTTTT
5083	1	TGAGGTAGTAGTTTGTACA
5084	4	TGAGGTAGTAGTTTGTACAGT
5085	24	TGAGGTAGTAGTTTGTACAGTT
5086	4	TGAGGTAGTAGTTTGTACAGTTA
5087	1	TGAGGTAGTAGTTTGTACAGTTT
5088	4	TGAGGTAGTAGTTTGTGCTG
5089	10	TGAGGTAGTAGTTTGTGCTGT
5090	15	TGAGGTAGTAGTTTGTGCTGTT
5091	18	TGAGGTAGTAGTTTGTGCTGTTA
5092	1	TGAGGTAGTAGTTTGTGCTGTTC
5093	4	TGAGGTAGTAGTTTGTGCTGTTT
5094	1	TGAGGTGGCGGAGAGCGCCGAC
5095	1	TGAGGTGTTAGTAGAATCCA
5096	2	TGAGGTTTGTAGTTAGGGA
5097	1	TGAGTATTACATGTAGA
5098	1	TGAGTGTCCATCT
5099	1	TGAGTGTGTGTGTGTGAGT
5100	1	TGAGTGTTTAGTGTTTTAACAGT
5101	1	TGAGTTAATTGCGTCT
5102	1	TGAGTTGAAGCATTCA
5103	1	TGAGTTTTTGTCAGTTTAGTACAAAT
5104	1	TGATCTCGGAAGCT
5105	1	TGATGAGTTCTCT
5106	1	TGATTAGAGGTCTTGGGGCCGA
5107	1	TGATTATACAAGAGCA
5108	1	TGATTTAACTACAGAT
5109	1	TGCAAATCGGTCGTCCGACCTGG
5110	1	TGCAAGAAGACA
5111	1	TGCACATGCAAGAAGAGT
5112	1	TGCACCATGGTTGTCTGAGCAT
5113	1	TGCAGAGCGGCC
5114	1	TGCAGAGCGGCCAAATGCGGGTGGC
5115	1	TGCAGCGCAAGTAGG
5116	1	TGCATTAAAAATTTCGGTTGGGACCA
5117	1	TGCCATGTTAACGTTT
5118	1	TGCCGATCGGGTG
5119	1	TGCCGCGCGCGGGTCGGGGGGCGGG
5120	1	TGCCGTGATCGTATAGTGGTTAGT
5121	3	TGCCGTGATCGTATAGTGGTTAGTACTCTGCGT
5122	1	TGCCTCTGATGAAGCCTGTGTTGGTA
5123	1	TGCGAAGGCCCG
5124	1	TGCGCCATGAGAGCCAAGTGGAGGAAGAAGCGAATGCGCAGG
5125	2	TGCGGAAGGATCATTA
5126	1	TGCGGAAGGTTTTGAGTCT
5127	1	TGCGGACCAGGGGAATCCGACTGTTT
5128	1	TGCGGCGGGCGTCGCGG
5129	1	TGCGGGCCGCCGGTGAAATACCACTACTCTG
5130	1	TGCGGGGGTGGGCG
5131	1	TGCGTCGGAGG
5132	1	TGCGTCGGAGGG
5133	1	TGCTACTGACAGTAAGTGAAGATAAAGTGTGTCTGAGG
5134	1	TGCTCCTATCTGATT
5135	1	TGCTCTGATGAAATCACTAATAGGAAGTGCCGTCAG
5136	1	TGCTGTGATTAGGACGGATC
5137	1	TGCTTTGAAGATGTTAGTGTAT
5138	1	TGCTTTGCCCGCGTGGGT
5139	1	TGGAAACGTCAAGAGCA
5140	1	TGGAAACGTCAAGAGCAGA
5141	2	TGGAAGACTAGTGATTTTGTT
5142	2	TGGAAGACTAGTGATTTTGTTG
5143	23	TGGAAGACTAGTGATTTTGTTGT
5144	40	TGGAAGACTAGTGATTTTGTTGTT
5145	1	TGGAAGACTAGTGATTTTGTTGTTA
5146	1	TGGAAGCGCCC
5147	1	TGGAAGGATCATTA
5148	1	TGGAAGGTCCCGTGCCCGTCGTCG
5149	1	TGGAAGTGAGCTACAACGTAGTACG
5150	1	TGGAATCCGAGCG
5151	1	TGGAATCCGAGCGGA
5152	1	TGGAATGAGTCCA
5153	2	TGGAATGCGAGTGCCTAGTGGGCCACTTTTG
5154	1	TGGACCGGCGC
5155	1	TGGACGCGAGCCGG
5156	3	TGGACGCGAGCCGGGC
5157	2	TGGACGCGAGCCGGGCC
5158	1	TGGACGGGAGCGGCGGGGGCGG
5159	1	TGGAGAAAATAGCTACACCT
5160	1	TGGAGAAGGGTTCCATGTGAACAGCAGTTGAA
5161	1	TGGAGAGAAAGGCAGTTC
5162	2	TGGAGAGAAAGGCAGTTCCTGA
5163	1	TGGAGCACGAGCGCACGTGTTA
5164	1	TGGAGCACGAGCGCACGTGTTAGGACCCGA
5165	1	TGGAGCCGGGCGT
5166	1	TGGAGCCGGGCGTGGAATGCGAG
5167	1	TGGAGCGCGGCGTAGGTGGCTGCCGAGTCT
5168	1	TGGAGGGCAAGTCTG
5169	1	TGGAGTAGCAATTCCACC
5170	1	TGGATAGAGCACGAGCCT
5171	1	TGGATAGAGCACGAGCCTTCT
5172	1	TGGATAGGATTCGGCGCTC
5173	1	TGGATAGGGCGTGGC
5174	1	TGGATCACTCGGCTCGTGCGTCGATGAAGAACGCAGCT
5175	1	TGGCCCAGGAAGAGGA
5176	1	TGGCCCCTGCGCAAGGATGACACGCAAATTCGTGAAGCGTT
5177	1	TGGCGAAGTTATTGCTTGAGA
5178	1	TGGCGATGAGGAGGT
5179	1	TGGCGCTGGAGCGTCGGGC
5180	1	TGGCGCTGGAGCGTCGGGCCC
5181	1	TGGCGCTGGAGCGTCGGGCCCAT
5182	1	TGGCGGAGATGGGCGC
5183	1	TGGCTCAGTTCAGCAGGAACA
5184	1	TGGCTCAGTTCAGCAGGAACAG
5185	1	TGGCTCAGTTCAGCAGGAACAGA
5186	5	TGGCTCAGTTCAGCAGGAACAGT
5187	1	TGGCTCGGGGGGCCCCGTCCGTCCGTC
5188	1	TGGGAAGGCCC
5189	1	TGGGAAGGCCCG
5190	1	TGGGAAGGCCCGGC
5191	2	TGGGAAGGCCCGGCGGGG
5192	1	TGGGAAGGCCCGGCGGGGA
5193	1	TGGGAATACCGGGTGCTGTAGGC
5194	1	TGGGAGACCGCCTGGGAATACCGGGTGCTGTAGGC
5195	1	TGGGAGACCGCCTGGGAATACCGGGTGCTGTAGGCTT
5196	1	TGGGAGCGGGCGGGCGGTCCG
5197	1	TGGGCAAGAGGT
5198	1	TGGGCAGACAAAGT
5199	1	TGGGCAGGAGATGCCGTGGACCCCG
5200	1	TGGGCGAGCGCCGTTCCGAAGGGACGGGC
5201	1	TGGGCGCGCGCCGCGGCTGG
5202	1	TGGGGAGAACA
5203	1	TGGGGAGGCCA
5204	1	TGGGGGCACCA
5205	1	TGGGTAAGGTAGAGACACCAGCCAAAGAGAT
5206	1	TGGGTCTTTGCGGGCGAGATGA
5207	1	TGGGTGGTTCAGTGGTAGAATTC
5208	1	TGGGTTAGACCGTCGTGAGACAGGTTAGTTTTACC
5209	1	TGGGTTAGGAGGTCACA
5210	1	TGGGTTCGCCCCGAGAGAGGGG
5211	2	TGGTAGAGCACTCGC
5212	1	TGGTAGAGCCCTCGC
5213	1	TGGTAGAGCCTCGC
5214	1	TGGTAGAGCGCTCGC
5215	3	TGGTAGAGCTCTCGC
5216	1	TGGTCGTGAAAAAGAATTTTT
5217	1	TGGTCTAGGGGTATGATTCTCGC
5218	1	TGGTGAGCATAGCTGCCTTCCAAGCAGTTGACCCGGGT
5219	1	TGGTGAGTATCC
5220	1	TGGTGATAGTATGACA
5221	1	TGGTGGAAGCGCTA
5222	1	TGGTGGAGTTAAAGACTTTTTCT
5223	1	TGGTGGGGGTGGGGGGG
5224	1	TGGTGTAATGGTTAGCACTCTGGA
5225	1	TGGTTAGAGCACACG
5226	1	TGGTTAGGATTCGGCG
5227	4	TGGTTAGGATTCGGCGC
5228	4	TGGTTAGGATTCGGCGCT
5229	2	TGGTTAGGATTCGGCGCTC
5230	1	TGGTTATCACGTTC
5231	1	TGGTTCGCCGTGGGCGGTGCAC
5232	1	TGTAAAAGTAATGG
5233	1	TGTAAACATCCCCGACTGGAAG
5234	1	TGTAAACATCCCCGACTGGAAGA
5235	4	TGTAAACATCCCCGACTGGAAGCT
5236	2	TGTAAACATCCTACACTCTCAGC
5237	7	TGTAAACATCCTACACTCTCAGCT
5238	1	TGTAAACATCCTCGACTGGAA
5239	11	TGTAAACATCCTCGACTGGAAG
5240	2	TGTAAACATCCTCGACTGGAAGA
5241	5	TGTAAACATCCTCGACTGGAAGC
5242	12	TGTAAACATCCTCGACTGGAAGCT
5243	2	TGTAAACATCCTTGACTGGAAGCT
5244	1	TGTAAATGCGTCA
5245	1	TGTAACAGCAACTCCATGTGGA
5246	1	TGTAACAGCAACTCCATGTGGAA
5247	1	TGTAAGACAAGGCG
5248	1	TGTAATGATGTTGATAAAATGTCTGACCTGAAATGAGCATGTAGACAAAGGTAACACTGAAG
5249	25	TGTAATGATGTTGATCAAATGTCTGACCTGAAATGAGCATGTAGACAAAGGTAACACTGAAG
5250	1	TGTAATTGTAGGTTGTACGT
5251	1	TGTACGAAAGGACAAGAGAAATAAGGCCTACTTCACA
5252	1	TGTACGAGTTAGTTCATTGGCTA
5253	1	TGTAGAGCACA
5254	1	TGTAGATCGGACCATCTA
5255	1	TGTAGCACGTGTGTTGCCCCACTCGTA
5256	1	TGTAGTAACAGCTG
5257	1	TGTAGTCCGTGCGAGAATACCA
5258	1	TGTAGTTGTTAAGA
5259	1	TGTATGAGCAGTAGTTT
5260	1	TGTATGCAGTGAAGGCTTC
5261	1	TGTATGTCTACAGGA
5262	1	TGTCACATCGGAG
5263	7	TGTCACGCGGGAGA
5264	1	TGTCACGCGGGAGAC
5265	1	TGTCACTAAGAGCTCAGGA
5266	1	TGTCCAGCGTCTCCGTAATTTCATCCT
5267	1	TGTCTGAGCGA
5268	1	TGTCTGAGCGAG
5269	1	TGTCTGAGCGT
5270	1	TGTCTGAGCGTCGC
5271	128	TGTCTGAGCGTCGCT
5272	4	TGTCTGAGCGTCGCTT
5273	1	TGTCTGATCGTCGCT
5274	1	TGTCTGTGCGTCTCT
5275	1	TGTCTGTGTGGAAAGCGGCTGTGCAGACATACCA
5276	1	TGTCTGTGTGGAAAGCGGCTGTGCAGACATCCA
5277	1	TGTCTGTGTGGAAAGCGGCTGTGCAGACATTCAATTGCA
5278	1	TGTGAAGGGCAGG
5279	1	TGTGAAGTTTGAGCTTCTAACTTGCTTGTA
5280	1	TGTGAATTTCAGGT
5281	1	TGTGAGCATTAGATTA
5282	1	TGTGAGTTGTTGAAGATCTTGG
5283	2	TGTGCAAATCCATGCAAAACTG
5284	4	TGTGCAAATCCATGCAAAACTGA
5285	1	TGTGCTCTACCGACTGAGC
5286	1	TGTGCTTGGCTGAGGAGC
5287	1	TGTGGAATTTGTGTAGAACTTGG
5288	1	TGTGTAAAAAAATA
5289	1	TGTGTAGTTGGCGT
5290	1	TGTGTCAGTGAAAGTTTTTAACA
5291	1	TGTGTCTACCATTTCA
5292	1	TGTGTCTACCATTTCACC
5293	1	TGTGTGAGTGTCCATC
5294	1	TGTGTGAGTGTCCATCT
5295	1	TGTGTGTATGTGTATGTATATG
5296	1	TGTGTGTCTGTA
5297	1	TGTGTTGAGTGATTCCA
5298	1	TGTGTTTTGGAAAGATTCA
5299	1	TGTTAGAAAGAGCTTCT
5300	1	TGTTAGGACCCGAAAGA
5301	7	TGTTATGATGATGGGCGAAATGTTCAACTGCTCTGAAG
5302	1	TGTTATGATGATGGGCGAAATGTTTAACTGCTCTGAAT
5303	1	TGTTCACAGTGGCTAAGTTCC
5304	1	TGTTCGGAAGAA
5305	1	TGTTGCTCGGAATCCT
5306	1	TGTTGGAATATAAGCAGA
5307	1	TGTTGGATCAAGAGCAGT
5308	1	TGTTGGTAGTGTGTCCA
5309	1	TGTTTCCGTAGTGTAGTGGTCATCACGTTCGCC
5310	1	TTAAAGGTTCGTTTGTAAAAA
5311	1	TTAAAGGTTCGTTTGTAAAAAA
5312	1	TTAAAGGTTCGTTTGTAAAAAAAAAA
5313	1	TTAACAGAAGAACAAGCGAAAGCA
5314	1	TTAACAGCCACGTCCCGTGG
5315	9	TTAACAGCCACGTTCCCGTGG
5316	1	TTAACATTTGATTGGAACA
5317	1	TTAACTTACTTTGGT
5318	1	TTAAGCAGGAGGTGTCAGAA
5319	1	TTAAGTAAGAGTA
5320	1	TTAATGTCGGAACTGAATTTTTCTAATGTAGATC
5321	1	TTACAATGATGAAACAAGCCTAGAGTCTGAGTGA
5322	1	TTACAATTAGATCACCAAGACCTGTTAGACCCATTA
5323	1	TTACAGATTGTCTCAGAGA
5324	1	TTACAGATTGTCTCAGAGAAA
5325	1	TTACAGCCCCCCCGG
5326	1	TTACAGTGATGAAGATGATGTTGATGATGATGATGATGATGTCAACATCCATCATTCTGAGG
5327	3	TTACAGTTGTTCAACCAGTTACT
5328	1	TTACGGCCCAAGAGGTTGAGGGTTCGAGTCCTTCCAGGCGCGCCGGCG
5329	1	TTACTAAGCGGAA
5330	1	TTACTGGCGATCGTTCATTAGT
5331	1	TTACTGGCGATCGTTCATTAGTT
5332	1	TTACTGTGAAGAGTAAAACCGAGCTTTTTAACACTGAGT
5333	1	TTACTTGTTCATGATCGGTTTGTGAA
5334	1	TTAGAACGTCAAGTAAACTCGCT
5335	1	TTAGAAGACTTACTTGT
5336	1	TTAGAAGATGATGCTGATGA
5337	1	TTAGAAGATGCTTCT
5338	2	TTAGACGGGCTCACATCACCCCATAAACACCA
5339	1	TTAGACGGGCTCACATCACCCCATAAACTCCA
5340	1	TTAGAGCAAGATAAAAGAAT
5341	1	TTAGAGCATTAAAAGT
5342	1	TTAGAGCTTATGTAG
5343	1	TTAGAGTTTCAGGTGTTCA
5344	1	TTAGCAATTGAAAGAAGA
5345	1	TTAGCAGATGAAGTAGAAGA
5346	2	TTAGCAGCAAGAAGAGC
5347	4	TTAGCGCTTGTAGACA
5348	1	TTAGCGTTGAATTCAGA
5349	2	TTAGCTGAGTGTC
5350	1	TTAGCTGAGTGTCCCGCGGG
5351	1	TTAGCTGAGTGTCCCGCGGGGC
5352	1	TTAGCTGAGTGTCCCGCGGGGCC
5353	7	TTAGCTGAGTGTCCCGCGGGGCCC
5354	42	TTAGCTGAGTGTCCCGCGGGGCCCG
5355	2	TTAGCTGAGTGTCCCGCGGGGCCCGA
5356	1	TTAGGAAACAAAGCTACTGCT
5357	1	TTAGGAATTGCAAGAGCATT
5358	2	TTAGGAATTGCAGTGGATACAGATGCTGGTT
5359	2	TTAGGAGCAGTGGCTACAGATA
5360	1	TTAGGAGCTGGTCCA
5361	1	TTAGGAGGAGATGACT
5362	1	TTAGGAGGGCTGAGAGGGCCCCTGTAAAAA
5363	4	TTAGGAGGTCACA
5364	1	TTAGGATTTGATGAGTTGG
5365	1	TTAGGCTGGTGTA
5366	1	TTAGGCTGGTGTAAAAAAAA
5367	1	TTAGGGAAGAATGGT
5368	1	TTAGGTCGAGATCGTA
5369	1	TTAGGTTCTGGAAGCAAA
5370	1	TTAGTAGATGAAGA
5371	1	TTAGTAGCAGTGA
5372	1	TTAGTGCTCCGTTTAGT
5373	1	TTAGTGTCATCGTAGTTTGTAAGAA
5374	1	TTATAATACAACCTGATAAGTGT
5375	1	TTATAGCACGTCAACA
5376	1	TTATAGGTAGAGGCGACA
5377	1	TTATGGAGGAG
5378	1	TTATGGAGTAATTGGGCA
5379	1	TTATGGTCGCG
5380	1	TTATGGTTCCTTTGGTCGCTCGCT
5381	1	TTATTAGAATAAGTCAAAACCGCTTCT
5382	1	TTATTTGTGATGTAAGAGTTA
5383	1	TTATTTGTTTTGAAGA
5384	1	TTCAAGAGAAAATGGTGTC
5385	1	TTCAAGCTGATGTGTGATA
5386	1	TTCAAGTAATCCAGGATAGGC
5387	7	TTCAAGTAATCCAGGATAGGCT
5388	1	TTCAAGTAATCCAGGATAGGCTA
5389	1	TTCAAGTAATTCAGGATAGGTT
5390	1	TTCACAGTGGCTAAGAAA
5391	1	TTCACAGTGGCTAAGAG
5392	3	TTCACAGTGGCTAAGTT
5393	1	TTCACAGTGGCTAAGTTA
5394	2	TTCACAGTGGCTAAGTTCC
5395	40	TTCACAGTGGCTAAGTTCCG
5396	3	TTCACAGTGGCTAAGTTCCGC
5397	1	TTCACAGTGGCTAAGTTCCGCT
5398	1	TTCACAGTGGCTAAGTTCCGT
5399	2	TTCACAGTGGCTAAGTTCCGTT
5400	2	TTCACAGTGGCTAAGTTCCGTTAA
5401	1	TTCACAGTGGCTAAGTTCCT
5402	1	TTCACAGTGGCTAAGTTCCTTT
5403	2	TTCACAGTGGCTAAGTTCT
5404	1	TTCACAGTGGCTAAGTTCTG
5405	2	TTCACAGTGGCTAAGTTCTGC
5406	1	TTCACAGTGGCTAAGTTCTGCA
5407	1	TTCACAGTGGCTAAGTTCTGCT
5408	1	TTCACAGTGGCTAAGTTCTGCTT
5409	1	TTCACAGTGGCTATGTTCCG
5410	1	TTCACCACCTTCTCCACCCAG
5411	1	TTCAGATCCCCGAATCCGGAGTGGCAGAGATGGGCG
5412	27	TTCAGATCCCCGAATCCGGAGTGGCGGAGATGGGCG
5413	6	TTCAGATCCCCGAATCCGGAGTGGCGGAGATGGGCGC
5414	1	TTCAGATCCCGGACGAGCCCCCA
5415	1	TTCAGATGCAATTGGT
5416	1	TTCAGATTGTGTTTGTGT
5417	1	TTCAGGATGGCCGAGCGGTCTAAGGCTGCGTTC
5418	1	TTCAGTTGATGCAGAGTGGGGTTTTGCAGTCCTTACCAAAA
5419	1	TTCCCCGACGGGGAGCC
5420	1	TTCCCGGCCCATGCACCA
5421	1	TTCCCGGGCGGCGCACCA
5422	1	TTCCTCCCGGGGCTACGCCTGTCTGAGCGTCGCTT
5423	1	TTCGAAGACGATCAGATACCGTCGTAGTTCCGA
5424	3	TTCGATGAAGAGATGATGACGAGTCTGACT
5425	1	TTCGGCTCCTGGCTGGCTCGCC
5426	1	TTCGTATTGCGCCG
5427	1	TTCGTGATCGATGTGGTGAC
5428	1	TTCGTGATCGATGTGGTGACA
5429	39	TTCGTGATCGATGTGGTGACG
5430	1	TTCGTGATCGATGTGGTGACGTA
5431	4	TTCGTGATCGATGTGGTGACGTC
5432	3	TTCGTGATCGATGTGGTGACGTCG
5433	4	TTCGTGATCGATGTGGTGACGTCGTG
5434	2	TTCGTGATCGATGTGGTGACGTCGTGCA
5435	1	TTCGTGATCGATGTGGTGACGTCGTGCTA
5436	1	TTCGTGATCGATGTGGTGACGTCGTGCTAAAA
5437	1	TTCGTGATCGATGTGGTGACGTCGTGCTCTCCCGG
5438	1	TTCGTGATCGATGTGGTGACGTCGTGCTCTCCCGGG
5439	1	TTCGTGATCGATGTGGTGACGTCGTGCTCTCCCGGGCC
5440	1	TTCGTGATCGATGTGGTGACGTCGTGCTCTCCCGGGCCG
5441	1	TTCGTGATCGATGTGGTGACGTCGTGCTCTCCCGGGCCGG
5442	12	TTCGTGATCGATGTGGTGACGTCGTGCTCTCCCGGGCCGGGTCCGAGCCGCGACGGGCGAG
5443	7	TTCGTGATCGATGTGGTGACGTCGTGCTCTCCCGGGCCGGGTCCGAGCCGCGACGGGCGAGG
5444	1	TTCGTGATCGATGTGGTGATGTCG
5445	1	TTCGTGATGGGGATCGGGGATTGCA
5446	1	TTCGTGCTCGCTGTGGTGCCGTCGTGCTCTCCCGGG
5447	1	TTCGTGTAGACCCTCACC
5448	2	TTCTAGTAAGAGTGGCAGTCGA
5449	1	TTCTGAAAGAACGTGTGGAAAACTAATGACTGAGCACA
5450	1	TTCTGATCGAGGCCCAGCCCGTGGACG
5451	1	TTGAAAGACGGTGT
5452	1	TTGAAGAAGTAAATTTGGG
5453	1	TTGAAGAGAGAGTTC
5454	1	TTGAAGAGAGAGTTCA
5455	1	TTGAAGAGAGAGTTCAAGAGGGCGTGAAACCGTT
5456	1	TTGAAGATGCAAAA
5457	1	TTGAAGATGCAAGTGTTAATGTGTGTTTATTTTAGA
5458	1	TTGAAGATGGTCTGGCAGA
5459	1	TTGAAGCCTAGGG
5460	1	TTGAAGCCTAGGGCGCG
5461	1	TTGAAGGCCGAAGTGGAGAAGGGTTCCATGTGAACAGCAGT
5462	1	TTGACGTTCACTTGCTTTTCA
5463	1	TTGACTGTGTAGAAGCG
5464	1	TTGACTTGTTATGTAATATGGCA
5465	1	TTGAGAGCGGCC
5466	1	TTGAGAGTTGTCTACAAGC
5467	1	TTGAGATACTGACTAGTCTGGTGTTAT
5468	1	TTGAGATACTGACTAGTCTGGTGTTATTT
5469	2	TTGAGATACTGACTAGTCTGGTGTTATTTT
5470	1	TTGAGATTGGATTCCTTT
5471	1	TTGAGCAATAACAGGTC
5472	1	TTGAGCGACGGCCATTCCA
5473	1	TTGCACAAAAAAGAGTT
5474	6	TTGCACAAGGTGGAGC
5475	1	TTGCAGAGTTGTCAATT
5476	1	TTGCAGTAGCAGT
5477	1	TTGCAGTCGGA
5478	4	TTGCAGTCGGATTAGTGA
5479	1	TTGCAGTGCTCG
5480	1	TTGCCATGGTAATCCTGC
5481	1	TTGCCATGTTAACGTTT
5482	1	TTGCCATGTTAACGTTTT
5483	1	TTGCTTCGTGAGCATC
5484	1	TTGCTTGGTTGCAACTGCCGGCAGCCATTGATGATCGT
5485	1	TTGGAAAGCGTCGC
5486	1	TTGGAATCCGAGCGGA
5487	1	TTGGAATGAGTC
5488	1	TTGGAATGAGTCCACTTTAA
5489	1	TTGGAATGAGTTATTTT
5490	2	TTGGACAAGAAGT
5491	1	TTGGAGGCGTGG
5492	1	TTGGATGCGAG
5493	1	TTGGATGGGAGACCGCCTGGGAATACCGGGTGCTGTA
5494	1	TTGGCGTTGGATTTGTATTGTGTTTTGCTTGA
5495	1	TTGGCTCCGAG
5496	1	TTGGCTTCGTAACC
5497	1	TTGGCTTGCGAGAGGT
5498	1	TTGGGAGCGGGCGGGCGG
5499	3	TTGGGATTGGATTGCTCT
5500	1	TTGGGGTGCGAGAG
5501	4	TTGGGGTGCGAGAGGTCCCGGGT
5502	1	TTGGGGTGCGAGAGGTCCCGGGTT
5503	4	TTGGGTCCGAG
5504	2	TTGGGTGCGAG
5505	1	TTGGGTTGCGAGAGGTCCCGGGT
5506	1	TTGGGTTTTAAGCAGGAGGTG
5507	2	TTGGTCGTGGTTGTAGTCCGTGCGA
5508	1	TTGGTGGTTCAGTGGTAGAATTCTCGC
5509	1	TTGGTTACCACCT
5510	1	TTGGTTCCGAG
5511	1	TTGGTTGAGCAACA
5512	1	TTGGTTGAGTAGCAACA
5513	1	TTGGTTGCGAG
5514	1	TTGTAAACCGGAGATGAAAACCTTTTCCAAGGACAC
5515	1	TTGTAGATGCAGTGGTGCTT
5516	1	TTGTGAGGACAATGGCACGGCAAGGGGAGTTTGTT
5517	1	TTGTGATAGAGAAACA
5518	7	TTGTGATGTAAGAGT
5519	1	TTGTGATGTAAGAGTTA
5520	1	TTGTGATGTAAGAGTTAAATG
5521	1	TTGTGGAAACAATGGTACGGCAAGGGCGTCTTTT
5522	1	TTGTGGAAACAATGGTACGGCAAGGGCGTCTTTTT
5523	1	TTGTGGAAGTTCTGATT
5524	1	TTGTGGAGGCTGGTGCT
5525	1	TTGTTGAGCATATTCT
5526	1	TTGTTGATTGATTAGT
5527	1	TTGTTGCTGATTATTTT
5528	1	TTGTTTGCAGGAGGGGCAGA
5529	1	TTTAACGAGGATCCATTGGAGGGCAAGTCTGG
5530	1	TTTAAGAGCCGCC
5531	1	TTTACAGTCAGAGGTTCATTTCCTCTTCTA
5532	1	TTTACATAGCACAACCTCCACTTTACA
5533	2	TTTAGCAGCAAGAAGAGC
5534	1	TTTAGGAGGTGCTCAATAATG
5535	1	TTTAGGAGTTGCTTCT
5536	1	TTTAGGATAAGCTTGACTTT
5537	1	TTTAGGATAAGCTTGACTTTT
5538	1	TTTATATAGAGGAGACAAGTCGTAACA
5539	1	TTTATTAACAGTCGTGATCATC
5540	1	TTTATTTATTTATTTTCTATCT
5541	1	TTTCAGAAGAGTACATTACTTT
5542	1	TTTCAGTCGGATGTTTACAGC
5543	1	TTTCAGTCGGATGTTTGCAG
5544	1	TTTCAGTCGGATGTTTGCAGC
5545	1	TTTCAGTCGGATGTTTGCAGCA
5546	1	TTTCAGTCGGATGTTTGCAGCC
5547	1	TTTCAGTCGGATGTTTGCAGCT
5548	1	TTTCAGTCGGATGTTTGCAGT
5549	1	TTTCAGTTGGAAGAGTACCAA
5550	1	TTTCGCAGTGATCAAGGTTGA
5551	1	TTTCGGTTGGGA
5552	1	TTTCGGTTGGGAAAA
5553	1	TTTCGGTTGGGCAAAAA
5554	1	TTTCTAGTACTTGTTCAATTCCA
5555	1	TTTCTATGATGAATCAAACTAGCTCACTATGACCGACAGAGAAAATACATGAACACCTGAGA
5556	16	TTTCTATGATGAATCAAACTAGCTCACTATGACCGACAGTGAAAATACATGAACACCTGAGA
5557	1	TTTCTATGATGAATCAAACTAGCTCACTATGACCGACAGTGAAAATACATGAACACCTGTGG
5558	2	TTTCTGGAGGTTTTT
5559	1	TTTCTGTGTAAGA
5560	1	TTTGAAGACTTAAAAT
5561	1	TTTGAAGAGAACCCCAGCAATT
5562	1	TTTGAAGAGAGAGTT
5563	1	TTTGAAGAGAGAGTTCAAGAGGGCGT
5564	1	TTTGAAGGGTGATGTGGAA
5565	1	TTTGAATTAGATGTAGTGT
5566	2	TTTGACTGGGGCGGTACACCTGT
5567	1	TTTGAGAAGCAGCT
5568	1	TTTGAGAGCGCCTTTTGT
5569	1	TTTGAGATCAACAAGATTT
5570	1	TTTGAGATTGAATTTTTCCA
5571	1	TTTGAGATTTGGAT
5572	1	TTTGAGCATGTGGAGGATCTAA
5573	1	TTTGAGCCAACAGG
5574	1	TTTGAGCGGAATTATAGA
5575	1	TTTGAGCTAGAGTGGAT
5576	1	TTTGAGCTTCAATTCCTTGA
5577	1	TTTGAGCTTCTAACTTGCT
5578	1	TTTGAGGCCTTGCTTTGGCAAGGCT
5579	1	TTTGAGTTCATAATAAAAA
5580	1	TTTGATGATGCAGGTATATTTCA
5581	1	TTTGATTTTGACGTTTTTTAGTTTCT
5582	1	TTTGCACAAAAAAGAGTT
5583	1	TTTGCAGAGCGGCCA
5584	1	TTTGCATCAGAAGAGTTAAAGTTA
5585	1	TTTGCGTCTTAATC
5586	2	TTTGCTGGTTATTAGCGCTTGTAGACA
5587	1	TTTGCTGGTTATTAGTGCTT
5588	1	TTTGGAATCAGTT
5589	1	TTTGGAGCATATACA
5590	1	TTTGGATCAGAAGT
5591	1	TTTGGATGAAGCTTTTG
5592	1	TTTGGATGATAAAGCATTG
5593	1	TTTGGATTTAATTT
5594	1	TTTGGATTTAGCAGTGGTTAGTTCT
5595	1	TTTGGCAAGAAGCA
5596	1	TTTGGCAATGGTAGAAATAACACT
5597	1	TTTGGCAATGGTAGAACTCACA
5598	3	TTTGGCAATGGTAGAACTCACACT
5599	2	TTTGGCAATGGTAGAACTCACACTG
5600	1	TTTGGCAATGGTAGAACTCACACTGG
5601	1	TTTGGCAATGTTAGAACTCACACTGG
5602	1	TTTGGGAGGCCGAGGCGGGCGGATCACAAGG
5603	1	TTTGGGTGCGAG
5604	1	TTTGGGTGCGAGAGGTCCCGGGT
5605	1	TTTGGTATCAAATGGAGTG
5606	1	TTTGGTCGTGATATC
5607	1	TTTGGTTGAGTAGCA
5608	3	TTTGGTTGAGTAGCAACA
5609	1	TTTGTAGGTGTAGTTGTAGCTCCA
5610	1	TTTGTCTACAAGCG
5611	1	TTTGTCTACAAGCGC
5612	1	TTTGTCTTTAAAATGAAGAGC
5613	1	TTTGTGAAGGGCAGGGCGCCCTGGAATG
5614	1	TTTGTGAAGGTGTTCC
5615	1	TTTGTGATGTAAGAGTTAAATGTGATTCA
5616	1	TTTGTGATTGATAAGTAAT
5617	1	TTTGTGCAAATT
5618	1	TTTGTGTAGAACTTGG
5619	1	TTTGTGTAGAAGG
5620	1	TTTGTGTATTATAAGG
5621	1	TTTGTGTTTGTGTATAACGAA
5622	1	TTTGTTACAGGTTGTAGAGTATTTG
5623	1	TTTGTTATTGTTATCTGA
5624	1	TTTGTTGTGTAAA
5625	1	TTTGTTGTTATGTCGGTGTTTTTAAATT
5626	1	TTTGTTTCTGAAGATG
5627	1	TTTGTTTCTGAAGATGTTT
5628	1	TTTGTTTTAGTTTTTGTTTCT
5629	1	TTTTATAAGGTTGATTTGT
5630	1	TTTTGAAGGAAGTGAATATGCTAATC
5631	1	TTTTGATGAGGCAGTTGACT
5632	1	TTTTGCAATATGTTCCTGAAT
5633	4	TTTTGCGATGTGTTCCTAATA
5634	1	TTTTGCGATGTGTTCCTAATAT
5635	1	TTTTGGAGCAGGGAGATGGAATAGGAA
5636	1	TTTTGGTGGAAGA
5637	1	TTTTGGTGGAAGAGG
5638	1	TTTTGTGTGTCAGGGTGCAGGTT
5639	1	TTTTGTTTCATTGGCATGGTAAGGCCGTGTTTT
5640	1	TTTTTGACAGTGATTGGACTAGA
5641	1	TTTTTGGATCTTTAGC
5642	1	TTTTTTAGCGTTATG
